measure,label,family,level,unit,description,interpretation,requires,references
facial_valence_mean,Facial valence,affect,person,index,"Mean pleasantness of facial expression across tracked frames: smiling and cheek raising minus frowning, brow lowering and nose wrinkling.","Higher values indicate a more positive-looking face. This describes visible muscle action, not felt emotion, and speaking moves the mouth for reasons unrelated to affect -- compare with the listening figure before interpreting.",face,Ekman & Friesen (1978) Facial Action Coding System | Hess & Fischer (2013) Pers. Soc. Psychol. Rev. 17:142 -- emotional mimicry as social regulation | Moulder et al. (2018) Psychol. Methods 23:757 -- surrogate testing for interpersonal synchrony
facial_valence_variability,Facial valence variability,affect,person,index,Standard deviation of facial valence across tracked frames.,"Higher values indicate a face that changes between pleasant and unpleasant more, rather than holding one expression.",face,Ekman & Friesen (1978) Facial Action Coding System | Hess & Fischer (2013) Pers. Soc. Psychol. Rev. 17:142 -- emotional mimicry as social regulation | Moulder et al. (2018) Psychol. Methods 23:757 -- surrogate testing for interpersonal synchrony
negative_affect_proportion,Time looking negative,affect,person,proportion,Proportion of tracked frames whose facial valence is in the lower part of the range observed across both participants in this session.,"Higher values indicate more of the conversation spent looking displeased, unimpressed or concentrating. The last of those is a genuine confound: brow lowering does not distinguish them.",face,Ekman & Friesen (1978) Facial Action Coding System | Hess & Fischer (2013) Pers. Soc. Psychol. Rev. 17:142 -- emotional mimicry as social regulation | Moulder et al. (2018) Psychol. Methods 23:757 -- surrogate testing for interpersonal synchrony
partner_laughter_uptake,Laughing back,affect,person,probability above chance,How much more often this person starts laughing within two seconds of their partner starting to laugh than their own laughter rate would produce by chance.,Higher values indicate laughter that follows the partner's rather than occurring independently.,laughter,Ekman & Friesen (1978) Facial Action Coding System | Hess & Fischer (2013) Pers. Soc. Psychol. Rev. 17:142 -- emotional mimicry as social regulation | Moulder et al. (2018) Psychol. Methods 23:757 -- surrogate testing for interpersonal synchrony
partner_smile_uptake,Smiling back,affect,person,probability above chance,How much more often this person starts smiling within two seconds of their partner starting to smile than their own overall smiling rate would produce by chance.,"Higher values indicate a person whose smiling follows their partner's. Zero means their partner's smiles made no difference; a person who simply smiles a great deal scores zero, not high, which is the point of subtracting the base rate.",face,Ekman & Friesen (1978) Facial Action Coding System | Hess & Fischer (2013) Pers. Soc. Psychol. Rev. 17:142 -- emotional mimicry as social regulation | Moulder et al. (2018) Psychol. Methods 23:757 -- surrogate testing for interpersonal synchrony
positive_affect_proportion,Time looking positive,affect,person,proportion,Proportion of tracked frames whose facial valence is in the upper part of the range observed across both participants in this session.,"Higher values indicate more of the conversation spent looking pleased. The threshold is set within the session, so this compares the two partners with each other and not with other sessions.",face,Ekman & Friesen (1978) Facial Action Coding System | Hess & Fischer (2013) Pers. Soc. Psychol. Rev. 17:142 -- emotional mimicry as social regulation | Moulder et al. (2018) Psychol. Methods 23:757 -- surrogate testing for interpersonal synchrony
valence_reactivity,Expression follows partner,affect,person,correlation above chance,"Correlation between this person's facial valence and their partner's a moment earlier, above the level produced by circularly shifted surrogates of the same two signals.","Higher values indicate expression that tracks the partner's with this person lagging behind. Directional: both partners reacting to the same joke raises both figures equally, so only a difference between them says who was following whom.",face,Ekman & Friesen (1978) Facial Action Coding System | Hess & Fischer (2013) Pers. Soc. Psychol. Rev. 17:142 -- emotional mimicry as social regulation | Moulder et al. (2018) Psychol. Methods 23:757 -- surrogate testing for interpersonal synchrony
valence_synchrony,Valence synchrony (above chance),affect,dyad,correlation above chance,"How much the two partners' facial valence tracks each other, over and above the level produced by shuffled surrogates.",Higher values indicate two faces that brighten and darken together. Undirected -- it does not say who led.,face,Ekman & Friesen (1978) Facial Action Coding System | Hess & Fischer (2013) Pers. Soc. Psychol. Rev. 17:142 -- emotional mimicry as social regulation | Moulder et al. (2018) Psychol. Methods 23:757 -- surrogate testing for interpersonal synchrony
valence_synchrony_z,Valence synchrony reliability,affect,dyad,z,Standard deviations by which the observed valence synchrony exceeds its surrogate distribution.,"Above 1.96 the synchrony is beyond what independent signals with the same autocorrelation would produce. Below that the value above should be read as no evidence of coordination, whatever its size.",face,Ekman & Friesen (1978) Facial Action Coding System | Hess & Fischer (2013) Pers. Soc. Psychol. Rev. 17:142 -- emotional mimicry as social regulation | Moulder et al. (2018) Psychol. Methods 23:757 -- surrogate testing for interpersonal synchrony
valence_while_listening,Valence while listening,affect,person,index,Mean facial valence during frames where the partner holds the floor and this person is not speaking.,"The cleaner of the two valence figures: with the mouth not articulating, a raised smile channel is far more likely to be a smile. Higher values indicate a more positive listener.","face, turn_set",Ekman & Friesen (1978) Facial Action Coding System | Hess & Fischer (2013) Pers. Soc. Psychol. Rev. 17:142 -- emotional mimicry as social regulation | Moulder et al. (2018) Psychol. Methods 23:757 -- surrogate testing for interpersonal synchrony
valence_while_speaking,Valence while speaking,affect,person,index,Mean facial valence during this person's own speech.,"Read alongside the listening figure rather than on its own: articulation moves the same muscles the index is built from, so a speaker's valence is partly a measure of which vowels they used.","face, turn_set",Ekman & Friesen (1978) Facial Action Coding System | Hess & Fischer (2013) Pers. Soc. Psychol. Rev. 17:142 -- emotional mimicry as social regulation | Moulder et al. (2018) Psychol. Methods 23:757 -- surrogate testing for interpersonal synchrony
backchannel_count,Backchannel count,backchannel,person,count,"Number of acknowledgment tokens this person produced. A lower bound: short tokens spoken over the partner are the easiest thing in the recording to miss, and the recognizer drops some outright. Comparable across sessions processed the same way; not exhaustive.",,turn_set,
backchannel_coverage,Backchannel coverage of partner turns,backchannel,person,proportion,Share of the partner's turns longer than three seconds that received at least one acknowledgment from this person.,Distinguishes a listener who responds throughout from one who produces a burst of tokens in a single turn. Only turns long enough to invite a backchannel are counted.,turn_set,"Yngve (1970) -- 'On getting a word in edgewise', the backchannel concept | Bavelas, Coates & Johnson (2000) J. Pers. Soc. Psychol. 79:941 -- listener responses"
backchannel_diversity,Acknowledgment vocabulary diversity,backchannel,person,bits,"Shannon entropy (bits) of this person's acknowledgment tokens, over at least five tokens with transcribed text.",Zero means the same token every time -- the repetitive 'mhm... mhm... mhm' that speakers read as absent-mindedness (Gardner 2001). Higher values mean the listener's responses varied with what they were responding to.,"turn_set, transcript",Gardner (2001) When Listeners Talk -- response tokens and listener stance
backchannel_incipiency,Floor-readiness of acknowledgments,backchannel,person,index (0-2),"Mean position of this person's acknowledgment tokens on the passive-recipiency to incipient-speakership gradient: 0 for pure continuers ('mhm'), 1 for floor-ready tokens ('yeah', 'okay'), 2 for closure moves ('exactly', 'got it'). At least five scoreable tokens required.","Acknowledgment tokens are not interchangeable: 'mhm' cedes the floor, 'yeah' projects readiness to take it (Jefferson 1984; Drummond & Hopper 1993). A listener living near 0 is settled in; one near 2 keeps signaling they are ready to wrap the telling up.","turn_set, transcript",Jefferson (1984) -- acknowledgment tokens 'yeah' and 'mm hm' and speakership incipiency | Drummond & Hopper (1993) Res. Lang. Soc. Interact. 26:157 -- backchannels revisited
backchannel_latency,Backchannel latency after partner pause,backchannel,person,s,"Median delay between the partner reaching a brief within-turn pause and this person producing an acknowledgment, when one follows within two seconds.",Short latencies indicate the listener is tracking the speaker's phrase structure and responding at natural invitation points.,turn_set,
backchannel_rate,Backchannel rate,backchannel,person,per minute of partner speech,"Acknowledgment tokens ('mhm', 'right', 'yeah') this person produced per minute of their partner's speaking time.",The standard vocal index of active listening. Normalized by the partner's talk time so that someone with a quiet partner is not penalized for having had fewer opportunities.,turn_set,"Yngve (1970) -- 'On getting a word in edgewise', the backchannel concept | Bavelas, Coates & Johnson (2000) J. Pers. Soc. Psychol. 79:941 -- listener responses"
backchannel_reciprocity,Backchannel reciprocity,backchannel,dyad,index,"How evenly the two partners produced acknowledgments, as 1 minus the absolute difference in their shares of the dyad's total.",1.0 means both listened back equally; 0.0 means only one person ever acknowledged the other.,turn_set,
backchannel_relative_position,Mean backchannel position within turn,backchannel,person,proportion of turn,"Where in the partner's turn this person's acknowledgments fall, as a fraction of the turn's length. 0 is the very start, 1 the very end.",Values near 1 suggest the token is functioning as a turn-yielding signal rather than as continuous listenership.,turn_set,
backchannel_specific_rate,Specific-assessment rate,backchannel,person,per minute of partner speech,"Acknowledgments that comment on the content they follow ('wow', 'exactly', 'no way') per minute of the partner's speaking time, as opposed to generic continuers ('mhm', 'yeah').","The kind of listening that does causal work: when listeners were experimentally distracted, it was specifically these responses that disappeared, and speakers' stories measurably suffered (Bavelas et al. 2000).","turn_set, transcript","Bavelas, Coates & Johnson (2000) J. Pers. Soc. Psychol. 79:941 -- specific listener responses shape the speaker's narrative | Stivers (2008) Res. Lang. Soc. Interact. 41:31 -- generic continuers vs. specific assessments | Tolins & Fox Tree (2014) J. Pragmatics 70:152 -- addressee backchannels steer narrative development"
backchannel_specific_share,Specific share of acknowledgments,backchannel,person,proportion,"Of this person's classifiable acknowledgments, the proportion that were specific assessments rather than generic continuers. Requires at least five classifiable tokens.",Distinguishes an engaged listener from a polite one at the same overall backchannel rate. All-generic listening ('mhm...mhm') can read as inattention (Gardner 2001).,"turn_set, transcript","Bavelas, Coates & Johnson (2000) J. Pers. Soc. Psychol. 79:941 -- specific listener responses shape the speaker's narrative | Stivers (2008) Res. Lang. Soc. Interact. 41:31 -- generic continuers vs. specific assessments | Tolins & Fox Tree (2014) J. Pragmatics 70:152 -- addressee backchannels steer narrative development"
gesture_rate,Hand gesture rate,body,person,per minute of own speech,"Bursts of hand movement above a speed threshold, per minute of this person's speaking time.",Normalized by own speaking time because co-speech gesture is produced while talking; dividing by session length would confound gesturing with talkativeness.,"body, turn_set",
posture_shift_rate,Postural shift rate,body,person,per minute,"Distinct movements of the torso center per minute, in shoulder-width units so the value does not depend on camera distance.","Frequent shifting is commonly read as discomfort or restlessness, but it also rises with animated storytelling, so it should be interpreted alongside gesture rate rather than alone.",body,
self_touch_proportion,Time touching own face,body,person,proportion,Proportion of tracked frames in which a hand was close to the face.,"Face-directed self-touch is a much-cited proxy for self-soothing under discomfort. The evidence for that reading is mixed, so it is offered as a descriptive behavior rather than an anxiety score.",body,
brow_raise_count,Number of eyebrow raises,counts,person,count,Distinct eyebrow raises above threshold.,,face,
callback_count,Number of callbacks,counts,person,count,"Times this person returned to something said at least four turns earlier, sharing a rare content anchor with it.","Usually a small number, which is why the count matters: a rate of 0.4 per minute over ten minutes is four events, and four events describe this conversation rather than estimate a tendency.",semantics,
change_of_state_count,Number of change-of-state tokens,counts,person,count,"Tokens like ""oh"" and ""ah"" marking newly received information.",,"turn_set, transcript",
compliment_count,Number of compliments,counts,person,count,Turns opening with a compliment form addressed to the partner.,"Lexical detection of a small, conventionalised set of openers, so this is a floor: a compliment phrased unusually is missed.","turn_set, transcript",
followup_question_count,Number of follow-up questions,counts,person,count,Questions that took up what the partner had just said rather than opening a new line.,,"semantics, turn_set, transcript",
gesture_count,Number of hand gestures,counts,person,count,Bursts of hand movement above the speed threshold.,,body,
hesitation_count,Number of hesitations,counts,person,count,"Held vowels found acoustically in this person's speech -- the ""uh"" and ""um"" the transcript mostly loses.",,filled_pauses,
interrupted_count,Number of times interrupted,counts,person,count,Times the partner came in while this person held the floor.,,"overlap_evidence, turn_set",
interruption_count,Number of interruptions,counts,person,count,Times this person began speaking while the partner held the floor.,Requires a recording in which simultaneous speech is detectable at all. On sessions where both files carry one mixed feed this is withheld rather than reported as zero.,"overlap_evidence, turn_set",
laughter_count,Number of laughs,counts,person,count,Distinct laughter episodes detected in this person's audio.,"The count behind the laughter rate. Detection is acoustic, so a quiet exhaled laugh is missed more often than a voiced one and this should be read as a lower bound.",laughter,
mutual_gaze_episode_count,Number of mutual gaze episodes,counts,dyad,count,"Episodes in which both people looked at each other at once, lasting at least the configured minimum.",,face,
other_directed_callback_count,Number of callbacks to the partner,counts,person,count,Callbacks reaching back to something the *partner* said rather than to this person's own earlier point.,,"semantics, turn_set",
other_repair_count,Number of other-initiated repairs,counts,person,count,Times this person signalled that they had not understood and asked the partner to redo the turn.,,"turn_set, transcript",
posture_shift_count,Number of postural shifts,counts,person,count,Distinct movements of the torso centre.,,body,
question_count,Number of questions,counts,person,count,"Turns classified as a wh-question, a yes/no question or a tag question from their wording.","Classified from the transcript, so it inherits the recognizer's errors: a question marked only by rising intonation and not by wording will be missed.","turn_set, transcript",
shared_laughter_count,Number of shared laughs,counts,dyad,count,Laughs by one person that the other joined within the co-laughter window.,,laughter,
silence_count,Number of shared silences,counts,dyad,count,Stretches in which neither person was speaking.,,turn_set,
turn_count_total,Turns in the conversation,counts,dyad,count,Floor-holding turns by both participants together.,"The sample size behind every turn-level median and spread in the report. Below about twenty, those numbers are descriptive of this recording rather than estimates of anything.",turn_set,
turn_transition_overlap_count,Number of overlapping turn onsets,counts,person,count,Turns this person began before the partner had finished -- early onsets that reflect projecting the turn end rather than competing.,,"overlap_evidence, turn_set",
within_turn_pause_count,Number of pauses inside turns,counts,person,count,"Silences inside this person's own turns -- planning pauses, as opposed to the gaps between turns.",,turn_set,
backchannel_rate_trend,Change in backchannel rate,dynamics,person,per minute,Backchannels per minute in the final third minus the first third.,Rising acknowledgment suggests growing engagement.,turn_set,
coherence_trend,Change in response coherence,dynamics,dyad,cosine similarity,Mean semantic similarity between adjacent turns in the final third minus the first third.,"Rising coherence suggests the pair settling into a shared topic; falling coherence, a search for something to talk about.","semantics, turn_set",
gaze_trend,Change in gaze at partner,dynamics,person,proportion,Proportion of time looking at the partner in the final third minus the first third.,Increasing mutual attention over a first meeting is associated with growing comfort; the reverse pattern with disengagement.,face,
laughter_trend,Change in laughter rate,dynamics,person,per minute,Laughter episodes per minute in the final third minus the first.,,laughter,
response_latency_trend,Change in response latency,dynamics,person,s,This person's median response latency in the final third of the conversation minus the first third. Negative means they got faster.,Latencies shortening over a first meeting is the clearest available signature of a pair warming up: the partners become able to project each other's turn endings.,turn_set,
silence_trend,Change in mutual silence,dynamics,dyad,proportion,Proportion of time in mutual silence in the final third minus the first third.,"Rising silence is the most direct signal of a conversation running down, and is often more diagnostic than the overall silence level.",turn_set,
smile_trend,Change in smiling,dynamics,person,proportion,Proportion of time smiling in the final third minus the first third.,,face,
turn_duration_trend,Change in turn length,dynamics,person,s,Mean turn duration in the final third minus the first third. Positive means contributions grew longer.,Lengthening turns often accompany deeper disclosure; shortening ones can indicate the conversation running out of material.,turn_set,
brow_raise_rate,Eyebrow raise rate,facial_expression,person,per minute,Distinct eyebrow raises per minute.,"Brow flashes accompany surprise, emphasis and greeting, and often mark points of heightened involvement.",face,
duchenne_smile_ratio,Share of smiles involving the eyes,facial_expression,person,proportion,Proportion of this person's smiles during which the muscles around the eyes (cheek raise and eye narrowing) were also active.,"Smiles involving orbicularis oculi are harder to produce deliberately and are the standard marker distinguishing felt enjoyment from a social smile. The distinction is a matter of degree rather than a clean dichotomy, so this is a proxy, not a sincerity detector.",face,"Ekman, Davidson & Friesen (1990) J. Pers. Soc. Psychol. 58:342 -- the Duchenne smile"
facial_expressivity,Facial expressivity,facial_expression,person,activation per frame,"Mean frame-to-frame change across 21 expressive facial actions -- how much the face moves, rather than how activated it is at rest.",Measured as movement so that a person with naturally raised brows is not scored as permanently expressive.,face,
shared_smile_proportion,Time smiling together,facial_expression,dyad,proportion,Proportion of the conversation with both people smiling at once.,Simultaneous smiling is a dyadic marker of shared positive affect and tracks self-reported enjoyment more closely than either person's smiling alone.,face,
smile_count,Number of smiles,facial_expression,person,count,"Count of distinct smile episodes: stretches above the smile threshold, merged across gaps shorter than 0.2 s.","Episodes rather than frames, so a single long smile counts once. The merging matters: without it, one smile that dips briefly below threshold would be reported as several.",face,
smile_mean_duration,Mean smile length,facial_expression,person,seconds,Mean duration of a smile episode.,,face,
smile_proportion,Time smiling,facial_expression,person,proportion,Proportion of tracked frames with a smile above threshold sustained for at least 300 ms.,,face,
smile_total_duration,Time spent smiling,facial_expression,person,seconds,Total seconds occupied by detected smile episodes.,,face,
gaze_partner_proportion,Time looking at partner,gaze,person,proportion,"Proportion of tracked frames in which this person's gaze was within tolerance of the partner's direction. The partner's direction is estimated from the mode of this person's own gaze distribution, since the camera geometry is not recorded.","Gaze at the partner is the canonical index of attention, but it is confounded with how much of the session the person spent listening; the role-conditioned versions below separate the two.",face,Kendon (1967) Acta Psychologica 26:22 -- gaze direction in conversation | Argyle & Dean (1965) Sociometry 28:289 -- eye contact and intimacy equilibrium
gaze_partner_time,Time looking at partner,gaze,person,seconds,"Seconds spent with gaze within tolerance of the estimated partner direction, counting only frames where the face was tracked.","The quantity behind the gaze proportion. Because untracked frames are excluded rather than assumed, this under-counts by however much tracking was lost -- check face coverage before comparing two people.",face,
gaze_speaker_listener_gap,Speaking-listening gaze difference,gaze,person,proportion,Gaze at partner while listening minus gaze at partner while speaking.,Positive values reproduce the standard pattern of looking away to plan and back to listen. Values near zero indicate an unusually steady gaze regime in either direction.,"face, turn_set",Kendon (1967) Acta Psychologica 26:22 -- gaze direction in conversation | Argyle & Dean (1965) Sociometry 28:289 -- eye contact and intimacy equilibrium
gaze_while_listening,Gaze at partner while listening,gaze,person,proportion,"Proportion of frames looking at the partner, restricted to times when the partner held the floor and this person was silent.","The purest available index of visual attention to the partner, since it is measured only when the person had nothing else to do.","face, turn_set",Kendon (1967) Acta Psychologica 26:22 -- gaze direction in conversation | Argyle & Dean (1965) Sociometry 28:289 -- eye contact and intimacy equilibrium
gaze_while_speaking,Gaze at partner while speaking,gaze,person,proportion,"Proportion of frames looking at the partner, restricted to times when this person held the floor.","Normally lower than gaze while listening, because speakers look away while planning. Speakers who maintain gaze are often described as more engaging, though the effect is not uniformly positive.","face, turn_set",Kendon (1967) Acta Psychologica 26:22 -- gaze direction in conversation | Argyle & Dean (1965) Sociometry 28:289 -- eye contact and intimacy equilibrium
mutual_gaze_episode_rate,Mutual gaze episode rate,gaze,dyad,per minute,"Episodes of mutual gaze lasting at least 300 ms, per minute. Brief coincidental alignments are excluded.",,face,
mutual_gaze_proportion,Time in mutual gaze,gaze,dyad,proportion,Proportion of the conversation in which both people were looking at each other at the same time.,"Mutual gaze is a dyadic achievement rather than a sum of two individual behaviors, and is associated with rapport and with perceived intimacy.",face,Kendon (1967) Acta Psychologica 26:22 -- gaze direction in conversation | Argyle & Dean (1965) Sociometry 28:289 -- eye contact and intimacy equilibrium
head_shake_count,Number of head shakes,head,person,count,"Rhythmic side-to-side head movements, counted by the same cycle rule as nods but on the yaw axis.","Often disagreement or disbelief, but also used as an intensifier while telling a story, so it should not be read as negative on its own.",face,"Hadar, Steiner, Grant & Rose (1983) Human Movement Science 2:35 -- conversational head movement at 0.2-7 Hz in slow, ordinary and rapid classes | Hadar, Steiner & Rose (1985) J. Nonverbal Behavior 9:214 -- cyclic versus linear head movement during listening turns"
head_shake_rate,Head shake rate,head,person,per minute,Head shakes per minute of conversation.,,face,"Hadar, Steiner, Grant & Rose (1983) Human Movement Science 2:35 -- conversational head movement at 0.2-7 Hz in slow, ordinary and rapid classes | Hadar, Steiner & Rose (1985) J. Nonverbal Behavior 9:214 -- cyclic versus linear head movement during listening turns"
nod_count,Number of nods,head,person,count,"Total nods. A nod is one or more continuous vertical head movements; it must contain at least one full cycle, meaning a movement and its return, so a single unreturned dip of the head does not count.",The headline count. Read it next to the rate rather than instead of it: the same count means different things in a six-minute and a sixteen-minute conversation.,face,"Mori, Den & Jokinen (2025) PLoS ONE 20(5):e0323448 -- structure of nods in conversation; cycle definition and length distribution | Hadar, Steiner, Grant & Rose (1983) Human Movement Science 2:35 -- conversational head movement at 0.2-7 Hz in slow, ordinary and rapid classes | Hadar, Steiner & Rose (1985) J. Nonverbal Behavior 9:214 -- cyclic versus linear head movement during listening turns"
nod_count_double,Double nods (2 cycles),head,person,count,Nods consisting of two cycles.,"Repetition is one of the features Poggi et al. use to separate nod types, so a shift between single and double nodding is a change in what the nods are doing, not only in how many there are.",face,"Mori, Den & Jokinen (2025) PLoS ONE 20(5):e0323448 -- structure of nods in conversation; cycle definition and length distribution"
nod_count_listening,Nods while listening,head,person,count,"Nods produced while the partner held the floor and this person was silent. The nod's midpoint decides, not its onset.",The visual counterpart of a vocal backchannel and the most direct index of active listening this pipeline produces.,"face, turn_set","Bavelas, Coates & Johnson (2000) J. Pers. Soc. Psychol. 79:941 -- listener responses as a collaborative process | Dittmann & Llewellyn (1968) J. Pers. Soc. Psychol. 9:79 -- head nods as listener responses to vocalization | Poggi, D'Errico & Vincze (2010) LREC 2010:2570 -- types of nods, organised by speaker versus listener role | McClave (2000) J. Pragmatics 32:855 -- linguistic functions of speakers' head movements"
nod_count_multiple,Multiple nods (4+ cycles),head,person,count,"Nods of four cycles or more, pooled.",Rare -- Mori et al. put nods of six cycles or more at about 4% -- and pooled because splitting them further gives counts too small to compare between people.,face,"Mori, Den & Jokinen (2025) PLoS ONE 20(5):e0323448 -- structure of nods in conversation; cycle definition and length distribution"
nod_count_single,Single nods (1 cycle),head,person,count,Nods consisting of one cycle: the head moved and returned once.,"The most common nod. In Mori et al.'s corpus of 9,223 hand-checked nods, 42% were single, and this detector reproduces that share on the lab's own recordings.",face,"Mori, Den & Jokinen (2025) PLoS ONE 20(5):e0323448 -- structure of nods in conversation; cycle definition and length distribution"
nod_count_speaking,Nods while speaking,head,person,count,Nods produced while this person held the floor.,"Not a listening signal at all. McClave (2000) documents speakers using head movement to intensify, to mark inclusivity, to set off quoted speech and to enumerate. Counting these together with listener nods is the single easiest way to make a nod measure mean nothing.","face, turn_set","Poggi, D'Errico & Vincze (2010) LREC 2010:2570 -- types of nods, organised by speaker versus listener role | McClave (2000) J. Pragmatics 32:855 -- linguistic functions of speakers' head movements"
nod_count_triple,Triple nods (3 cycles),head,person,count,Nods consisting of three cycles.,"Uncommon. Long nods tend to accompany strong agreement or an attempt to hand the floor back, but the count is usually small enough that individual sessions should not be over-read.",face,"Mori, Den & Jokinen (2025) PLoS ONE 20(5):e0323448 -- structure of nods in conversation; cycle definition and length distribution"
nod_cycles_mean,Mean nod length,head,person,cycles,Mean number of cycles per nod.,Around 1.8 in the reference corpus. Values close to 1.0 describe someone who marks acknowledgement once and stops; higher values describe sustained nodding runs.,face,"Mori, Den & Jokinen (2025) PLoS ONE 20(5):e0323448 -- structure of nods in conversation; cycle definition and length distribution"
nod_cycles_total,Total nod cycles,head,person,count,"Sum of every nod's length in cycles. A single nod contributes one, a triple contributes three.","How much nodding happened, as opposed to how many separate times it started. Two people with the same nod count can differ twofold here, and that difference is a real difference in behavior.",face,"Mori, Den & Jokinen (2025) PLoS ONE 20(5):e0323448 -- structure of nods in conversation; cycle definition and length distribution"
nod_frequency_median,Median nod frequency,head,person,Hz,Median cycles per second within a nod.,Expected in the 1.9-3.6 Hz 'ordinary' band of Hadar et al. (1983). A median at the edge of the search band is a sign the detector is picking up something other than nodding and the recording is worth watching.,face,"Hadar, Steiner, Grant & Rose (1983) Human Movement Science 2:35 -- conversational head movement at 0.2-7 Hz in slow, ordinary and rapid classes | Hadar, Steiner & Rose (1985) J. Nonverbal Behavior 9:214 -- cyclic versus linear head movement during listening turns"
nod_listening_share,Share of nods produced while listening,head,person,proportion,Listening nods as a proportion of this person's listening and speaking nods combined. Nods during simultaneous speech or during silence with no floor-holder are excluded from both.,"Near 1.0 describes someone whose nodding is entirely acknowledgement of the partner. Values near 0.5 describe someone who also nods through their own speech, which is a speaking style rather than a listening one.","face, turn_set","Poggi, D'Errico & Vincze (2010) LREC 2010:2570 -- types of nods, organised by speaker versus listener role | McClave (2000) J. Pragmatics 32:855 -- linguistic functions of speakers' head movements"
nod_magnitude_median,Median nod magnitude,head,person,degrees,"Median across nods of the largest peak-to-trough head-pitch excursion within the nod, in degrees.","How emphatic the nodding was. Amplitude is one of the kinematic properties Hadar et al. found to separate conversational functions of head movement, and one of the production features in Poggi et al.'s typology.",face,"Hadar, Steiner, Grant & Rose (1983) Human Movement Science 2:35 -- conversational head movement at 0.2-7 Hz in slow, ordinary and rapid classes | Hadar, Steiner & Rose (1985) J. Nonverbal Behavior 9:214 -- cyclic versus linear head movement during listening turns | Mori, Den & Jokinen (2025) PLoS ONE 20(5):e0323448 -- structure of nods in conversation; cycle definition and length distribution"
nod_mean_duration,Mean nod duration,head,person,seconds,"Mean wall-clock duration of a nod, in seconds.",,face,"Mori, Den & Jokinen (2025) PLoS ONE 20(5):e0323448 -- structure of nods in conversation; cycle definition and length distribution"
nod_rate,Nod rate,head,person,per minute,Nods per minute of conversation.,"The count divided by session length. It mixes nodding while listening with nodding while speaking, which are separated below.",face,"Mori, Den & Jokinen (2025) PLoS ONE 20(5):e0323448 -- structure of nods in conversation; cycle definition and length distribution"
nod_rate_while_listening,Nod rate while listening,head,person,per minute of listening,Nods per minute of listening time -- time when the partner held the floor and this person was silent.,"Normalized by the partner's talk time rather than by session length, so that having a quiet partner does not read as inattention.","face, turn_set","Bavelas, Coates & Johnson (2000) J. Pers. Soc. Psychol. 79:941 -- listener responses as a collaborative process | Dittmann & Llewellyn (1968) J. Pers. Soc. Psychol. 9:79 -- head nods as listener responses to vocalization"
nod_rate_while_speaking,Nod rate while speaking,head,person,per minute of own speech,Nods per minute of this person's own speaking time.,Speaker head movement is partly prosodic: it lands on stressed syllables and at phrase boundaries. Read it alongside gesture rate rather than as a measure of agreement.,"face, turn_set","Poggi, D'Errico & Vincze (2010) LREC 2010:2570 -- types of nods, organised by speaker versus listener role | McClave (2000) J. Pragmatics 32:855 -- linguistic functions of speakers' head movements | Hadar, Steiner, Grant & Rose (1983) Human Movement Science 2:35 -- conversational head movement at 0.2-7 Hz in slow, ordinary and rapid classes | Hadar, Steiner & Rose (1985) J. Nonverbal Behavior 9:214 -- cyclic versus linear head movement during listening turns"
nod_single_proportion,Share of nods that are single,head,person,proportion,Single-cycle nods as a proportion of all this person's nods.,"A scale-free summary of the length distribution. The reference value is 0.42; a much higher value describes clipped, perfunctory acknowledgement and a much lower one describes sustained nodding.",face,"Mori, Den & Jokinen (2025) PLoS ONE 20(5):e0323448 -- structure of nods in conversation; cycle definition and length distribution"
nod_total_duration,Time spent nodding,head,person,seconds,Total seconds occupied by nods.,Read with the count and the mean length: the same total can be a few long agreements or many short ones.,face,"Mori, Den & Jokinen (2025) PLoS ONE 20(5):e0323448 -- structure of nods in conversation; cycle definition and length distribution"
floor_hold_rate,Floor retention when interrupted,interruption,person,proportion,Share of interruptions against this person that they resisted by continuing to speak.,,"turn_set, overlap_evidence",
interrupted_rate,Rate of being interrupted,interruption,person,per minute,Times per minute this person was interrupted mid-turn by the partner.,,"turn_set, overlap_evidence",
interruption_asymmetry,Interruption asymmetry,interruption,dyad,per minute,Person A's interruption rate minus person B's. Positive means A interrupted more often than B did.,A dyad-level index of who was competing for the floor. Sign is fixed as A minus B for cross-session comparability.,"turn_set, overlap_evidence",
interruption_rate,Interruption rate,interruption,person,per minute,Times per minute this person began speaking while the partner was still well inside a turn. Onsets close enough to the turn end to be ordinary turn-taking are excluded and counted separately.,High rates can reflect either dominance or high involvement; the success rate and the partner's reaction distinguish the two.,"turn_set, overlap_evidence",Zimmerman & West (1975) -- interruptions vs overlaps in conversation | Drew (2009) -- 'Quit talking while I'm interrupting': overlap onset position
interruption_success_rate,Interruption success rate,interruption,person,proportion,Share of this person's interruptions after which they held the floor and the partner stopped.,"Success is judged from whether the interrupted speaker actually stopped, so it measures the outcome of the attempt rather than the attempt itself. Undefined when a person never interrupted.","turn_set, overlap_evidence",Zimmerman & West (1975) -- interruptions vs overlaps in conversation | Drew (2009) -- 'Quit talking while I'm interrupting': overlap onset position
mean_overlap_duration,Mean overlap duration,interruption,dyad,s,Average length of stretches in which both people spoke at once. Long overlaps indicate neither party yielded quickly.,,"turn_set, overlap_evidence",
transition_overlap_rate,Transition overlap rate,interruption,person,per minute,Times per minute this person came in during the final moments of the partner's turn -- early onsets that reflect accurate projection of the turn end rather than competition for the floor.,"Often read as a marker of engagement and shared rhythm, in contrast to mid-turn interruption.","turn_set, overlap_evidence",Zimmerman & West (1975) -- interruptions vs overlaps in conversation | Drew (2009) -- 'Quit talking while I'm interrupting': overlap onset position
laughter_proportion,Time spent laughing,laughter,person,proportion,Proportion of the conversation containing this person's laughter.,,laughter,
laughter_rate,Laughter rate,laughter,person,per minute,Distinct laughter episodes per minute.,A lower bound: quiet or breathy laughter is under-detected by the general audio tagger used here.,laughter,"Provine (1993) Ethology 95:291 -- laughter as a social, largely involuntary vocalisation | Smoski & Bachorowski (2003) Cognition & Emotion 17:327 -- antiphonal laughter between friends and strangers"
laughter_reciprocity,Laughter reciprocity,laughter,dyad,index,"How evenly the two partners laughed, as 1 minus the absolute difference in their shares of the dyad's laughter episodes.",One-sided laughter -- one person laughing at everything the other says -- scores near 0 and is a different phenomenon from mutual amusement.,laughter,"Provine (1993) Ethology 95:291 -- laughter as a social, largely involuntary vocalisation | Smoski & Bachorowski (2003) Cognition & Emotion 17:327 -- antiphonal laughter between friends and strangers"
shared_laughter_rate,Shared laughter rate,laughter,dyad,per minute,Episodes per minute in which both people laughed within 1.5 seconds of one another.,Among the most direct available markers of a conversation going well. Laughing together is a joint achievement in a way that laughing is not.,laughter,"Provine (1993) Ethology 95:291 -- laughter as a social, largely involuntary vocalisation | Smoski & Bachorowski (2003) Cognition & Emotion 17:327 -- antiphonal laughter between friends and strangers"
agreement_rate,Explicit agreement rate,lexical,person,per 100 words,"Agreement tokens ('exactly', 'absolutely', 'of course') per 100 words, counted only inside floor-holding turns so that backchannels are not double-counted here.",,"transcript, turn_set",
compliment_rate,Compliments offered,lexical,person,per minute,"Utterances per minute opening an evaluation of the partner or their material ('that's so cool', 'I love that') followed by positive vocabulary within four words.",Compliment givers underestimate how good compliments make recipients feel and overestimate how awkward they will be (Boothby & Bohns 2021) -- so observed rates likely sit below what either partner would have enjoyed.,"transcript, turn_set",Boothby & Bohns (2021) Pers. Soc. Psychol. Bull. 47:826 -- underestimating the positive impact of compliments
discourse_marker_rate,Discourse marker rate,lexical,person,per 100 words,"'like', 'you know', 'I mean', 'sort of', 'well' and similar per 100 words, counting multi-word forms as single events.","These are ordinary words, so the transcript keeps them -- 10 of 11 survived in scripted material, against 4 of 9 hesitations. Kept separate from hesitation for that reason and one other: their frequency varies strongly with dialect and age, so pooling the two produces a 'filler rate' that mostly measures which kind a speaker favors.",transcript,Schiffrin (1987) Discourse Markers | Fox Tree (2010) Lang. Linguist. Compass 4:269
dispreference_marker_rate,Hedged-response rate,lexical,person,proportion,"Proportion of this person's responses (turns answering the partner) that open with the classic dispreference shape: a filler or 'well', with a hedge or apology in the first eight words. At least eight responses required.","Rejections and disagreements are delivered late and dressed in delay markers, hedges and apologies (Pomerantz 1984; Kendrick & Torreira 2015). A high rate means many responses carried that shape -- more pushing-back, or more discomfort doing it.","transcript, turn_set",Pomerantz (1984) in Structures of Social Action -- agreeing and disagreeing with assessments | Kendrick & Torreira (2015) Discourse Process. 52:255 -- the timing and construction of preference
emotion_word_rate,Emotion word rate,lexical,person,per 100 words,Explicit emotion terms per 100 words.,,transcript,
filler_rate,Filled pauses written down (lower bound),lexical,person,per 100 words,"Filled pauses ('um', 'uh') per 100 words, counted in the transcript. A lower bound only: recognizers are trained to produce clean text and delete most hesitations.","Not to be compared across sessions on its own. Measured against scripted material the recognizer kept 4 of 9 hesitations and 0 of 4 instances of 'uh', so this counts whichever ones happened to survive. Use the acoustic hesitation rate instead, and this one only to see how much the transcript lost.",transcript,
first_person_plural_rate,First-person plural rate,lexical,person,per 100 words,"'we', 'us', 'our' as a percentage of this person's words.",Plural self-reference indexes a sense of the pair as a unit and tends to rise as rapport develops.,transcript,
first_person_singular_rate,First-person singular rate,lexical,person,per 100 words,"'I', 'me', 'my' as a percentage of this person's words.","Self-reference tracks self-focus and, in first meetings, self-disclosure.",transcript,
gratitude_rate,Gratitude expressions,lexical,person,per 100 words,"Gratitude tokens ('thanks', 'appreciate') per 100 words.","Expressers systematically undervalue what gratitude does to the recipient (Kumar & Epley 2018), which makes the expressed rate worth tracking separately from general politeness.",transcript,Kumar & Epley (2018) Psychol. Sci. 29:1423 -- undervaluing gratitude
hedge_rate,Hedging rate,lexical,person,per 100 words,"Hedges ('maybe', 'I think', 'sort of') per 100 words, counting multi-word forms as single events.","Hedging softens claims. It reads as tentative in some contexts and as politeness in others, so direction is not assumed.",transcript,
hesitation_duration_mean,Mean hesitation length,lexical,person,seconds,Mean duration of the held vowels detected in this person's speech.,Longer hesitations indicate more time spent planning while holding the floor. Read with the rate: many short ones and few long ones are different habits.,filled_pauses,
hesitation_rate,Hesitation rate,lexical,person,per minute of speech,"Held, unchanging vowels per minute of this person's own speech, found in the audio rather than the transcript.","Higher values indicate more audible planning. This is the measure to use for hesitation: it does not depend on the recognizer, which deletes most of them. Rate is per minute of the speaker's own speech, not per minute of session, so it does not simply track how much they talked.",filled_pauses,Clark & Fox Tree (2002) Cognition 84:73 -- 'um' and 'uh' as words | Shriberg (2001) J. Int. Phon. Assoc. 31:153 -- disfluency in spontaneous speech
lexical_diversity,Lexical diversity,lexical,person,ratio,"Type-token ratio averaged over 100-word windows, so that it does not fall simply because a person spoke more.",Higher values indicate a more varied vocabulary.,transcript,
linguistic_style_matching,Linguistic style matching,lexical,dyad,index,"Similarity of the two partners' function-word usage across nine categories (pronouns, articles, conjunctions, prepositions, auxiliaries, adverbs, negations, quantifiers), averaged.","Function words are produced with little conscious control, so their convergence is taken as an implicit index of shared attention and rapport rather than of deliberate accommodation. 1.0 is identical style, 0.0 completely dissimilar.",transcript,Ireland & Pennebaker (2010) J. Pers. Soc. Psychol. 99:549 -- language style matching
open_question_ratio,Share of questions that are open,lexical,person,proportion,Proportion of this person's questions that begin with a wh-word rather than inviting a yes/no answer.,Open questions invite elaboration and are associated with deeper disclosure than closed ones.,"transcript, turn_set",
politeness_marker_rate,Politeness marker rate,lexical,person,per 100 words,"Gratitude, apology and 'please' per 100 words, following the strategy categories of the computational politeness literature.",,transcript,"Danescu-Niculescu-Mizil, Sudhof, Jurafsky, Leskovec & Potts (2013) ACL -- a computational approach to politeness"
positive_word_rate,Positive word rate,lexical,person,per 100 words,Positively valenced words per 100 words.,,transcript,
question_rate,Question rate,lexical,person,per minute,"Questions asked per minute, counting wh-questions, inverted yes/no questions and tag questions. Declarative questions are excluded here because identifying them depends entirely on recognizer punctuation.",Asking questions is among the most robust behavioral predictors of being liked in a first conversation.,"transcript, turn_set","Huang, Yeomans, Brooks, Minson & Gino (2017) J. Pers. Soc. Psychol. 113:430 -- question-asking increases liking"
question_reciprocity,Question reciprocity,lexical,dyad,index,"How evenly the two people asked questions, as 1 minus the absolute difference in their shares of the dyad's questions.",A one-sided interview scores near 0; a mutual exchange scores near 1.,"transcript, turn_set",
second_person_rate,Second-person rate,lexical,person,per 100 words,"'you', 'your' as a percentage of this person's words.",Attention directed at the partner rather than at oneself.,transcript,
self_disclosure_rate,Self-disclosure rate,lexical,person,per 100 words,"Clauses per 100 words in which a first-person-singular pronoun is followed within two words by a cognition or emotion term ('I think', 'I felt', 'I was nervous'). A lexical approximation: self-disclosure detection is an open problem, named as a missing detector by Cooney & Wheatley (2025).","Deeper, more personal exchange predicts connection, and people systematically underestimate how well going deeper will be received (Kardas, Kumar & Epley 2022). Read alongside emotion word rate: this counts disclosures about the self specifically.",transcript,"Kardas, Kumar & Epley (2022) J. Pers. Soc. Psychol. 122:367 -- miscalibrated expectations create a barrier to deeper conversation | Cooney & Wheatley (2025) Handbook of Social Psychology -- self-disclosure named among missing mid-level detectors"
speech_rate_wpm,Articulation rate,lexical,person,words per minute,"Words per minute of this person's actual speaking time, excluding silences. This is articulation rate rather than overall speaking rate, so a person who pauses often is not scored as slow.","Faster articulation is associated with fluency and confidence, but it also varies with dialect and with how well the pair know one another.","transcript, turn_set",
turn_initial_filler_proportion,Turns opened with a filler,lexical,person,proportion,"Proportion of this person's turns whose first word is a filled pause ('um', 'uh'). Turn-initial fillers mark planning at the point of taking the floor, as opposed to within-turn fillers, which hold it.","'Uh' and 'um' are signals, not noise: speakers use them to announce a delay while keeping their claim on the floor (Clark & Fox Tree 2002). High turn-initial rates go with responses that needed composing -- including dispreferred ones.","transcript, turn_set",Clark & Fox Tree (2002) Cognition 84:73 -- using uh and um in spontaneous speaking
word_count,Words spoken,lexical,person,count,Total words recognized for this person.,,transcript,
words_per_turn,Mean words per turn,lexical,person,words,Average number of words in this person's floor-holding turns.,,"transcript, turn_set",
f0_median,Median pitch,prosody,person,Hz,Median fundamental frequency across this person's voiced speech.,"Largely determined by anatomy, so reported for description and as a sanity check on tracking rather than as a behavioral measure.",prosody,
intensity_entrainment_synchrony,Loudness entrainment (synchrony),prosody,dyad,correlation,Correlation between a speaker's mean intensity on a turn and their partner's on the preceding turn.,,"prosody, turn_set",Levitan & Hirschberg (2011) Interspeech -- measuring acoustic-prosodic entrainment with respect to multiple levels and dimensions
intensity_variability,Loudness variability,prosody,person,dB,Standard deviation of this person's speech intensity in dB.,"Dynamic range of delivery. Note that absolute loudness is not reported: it depends on where the camera sat, not on the speaker.",prosody,
pitch_entrainment_convergence,Pitch convergence over time,prosody,dyad,correlation,Correlation between turn index and the absolute pitch difference between partners on adjacent turns. Negative values mean their pitches grew more similar as the conversation went on.,"Convergence is a different phenomenon from synchrony: two voices can track each other turn by turn without ever becoming more alike, and vice versa. Reported separately for that reason.","prosody, turn_set",Levitan & Hirschberg (2011) Interspeech -- measuring acoustic-prosodic entrainment with respect to multiple levels and dimensions
pitch_entrainment_synchrony,Pitch entrainment (synchrony),prosody,dyad,correlation,"Correlation between a speaker's mean pitch on a turn and their partner's mean pitch on the immediately preceding turn, in semitones.","Positive values mean the partners move their pitch together from turn to turn, which is the standard operationalisation of prosodic accommodation and has been linked to rapport and task success.","prosody, turn_set",Levitan & Hirschberg (2011) Interspeech -- measuring acoustic-prosodic entrainment with respect to multiple levels and dimensions
pitch_proximity,Pitch proximity,prosody,dyad,semitones (negated),"Mean absolute difference between the partners' turn-level mean pitch, in semitones, negated so that higher means more similar.","Proximity is confounded with sex differences in vocal register and should be interpreted within, not across, dyad compositions.","prosody, turn_set",Levitan & Hirschberg (2011) Interspeech -- measuring acoustic-prosodic entrainment with respect to multiple levels and dimensions
pitch_range,Pitch range,prosody,person,semitones,"Spread between the 5th and 95th percentile of this person's pitch, in semitones. Percentiles rather than min/max so that a single tracking error cannot define the range.",,prosody,
pitch_variability,Pitch variability,prosody,person,semitones,Standard deviation of this person's pitch in semitones. Semitones make the value comparable across speakers of different register.,"The main acoustic correlate of vocal expressiveness. Flat delivery sits near 2 semitones, animated delivery above 4.",prosody,
speech_rate_entrainment,Articulation-rate entrainment,prosody,dyad,correlation,"Correlation between a speaker's articulation rate on a turn and their partner's rate on the immediately preceding turn, standardized within speaker.","Speech rate is among the dimensions partners align on (Wynn & Borrie 2022), and listeners use the partner's rate to time their own turn entry (Corps, Gambi & Pickering 2020) -- so rate tracking is machinery for smooth turn-taking, not just mimicry.","transcript, turn_set",Wynn & Borrie (2022) J. Phonetics 94:101173 -- classifying conversational entrainment of speech behavior | Levitan & Hirschberg (2011) Interspeech -- entrainment metrics
turn_final_pitch_drop,Turns ended with falling pitch,prosody,person,proportion,Proportion of this person's turns whose voiced pitch fell over the final 600 ms (slope below -1 semitone per second). Turns with too little voiced material in the window are skipped; at least eight scoreable turns required.,The falling terminal contour is the classic turn-yielding cue (Duncan 1972): it tells the partner the floor is about to be free. Speakers who rarely produce it force their partners to guess at endings from syntax alone.,"prosody, turn_set",Duncan (1972) J. Pers. Soc. Psychol. 23:283 -- signals and rules for taking speaking turns | Bogels & Torreira (2015) J. Phonetics 52:46 -- intonational phrase boundaries in turn-end projection
uptalk_rate,Rising ends on statements,prosody,person,proportion,Proportion of this person's non-question turns whose voiced pitch rose over the final 600 ms (slope above +2 semitones per second). At least eight scoreable statements required.,"A statement delivered with a terminal rise invites confirmation -- listeners parse uptalk as a check on shared understanding, not as a question (Tomlinson & Fox Tree 2011). High rates can signal engagement-seeking; they also complicate the partner's turn-end prediction, because rise no longer means 'question'.","prosody, turn_set, transcript",Tomlinson & Fox Tree (2011) Cognition 119:58 -- listeners' comprehension of uptalk in spontaneous speech
voice_jitter,Jitter,prosody,person,proportion,"Local cycle-to-cycle variation in pitch period, a standard measure of vocal stability.","Elevated jitter accompanies vocal strain and some affective states. It is sensitive to recording quality, so it should be compared only within a consistent setup.",prosody,
voice_shimmer,Shimmer,prosody,person,proportion,Local cycle-to-cycle variation in amplitude.,,prosody,
change_of_state_rate,News-receipt rate,repair,person,per minute,Utterances per minute this person opened with 'oh' -- the token that marks a change in the speaker's state of knowledge.,'Oh' receipts news: it tells the partner their contribution changed what this person knows (Heritage 1985). Frequent receipts indicate the conversation is actually transmitting new information rather than circling shared ground.,"turn_set, transcript",Heritage (1985) in Structures of Social Action -- a change-of-state token and aspects of its sequential placement
other_repair_rate,Other-initiated repair rate,repair,person,per minute,"Times per minute this person stopped the conversation to signal they had not heard or understood -- 'huh?', 'what?', 'what do you mean?'. Counted from transcript form, so a lower bound.","Other-initiation is the listener's last resort (Schegloff et al. 1977). Cross-linguistically it occurs about once every 1.4 minutes (Dingemanse et al. 2015); rates far above that suggest the pair struggled to stay understood, far below that either effortless understanding or listeners letting trouble pass unaddressed.","turn_set, transcript","Schegloff, Jefferson & Sacks (1977) Language 53:361 -- the preference for self-correction | Dingemanse, Roberts et al. (2015) PLoS One 10:e0136100 -- universal principles in the repair of communication problems | Cooney & Wheatley (2025) Handbook of Social Psychology ch. 'Conversation' -- repair as the stoplight system of intersubjectivity"
repair_balance,Repair balance,repair,dyad,proportion,"Dyad-level share of repair that was self-initiated: self-repairs divided by self-repairs plus other-initiations, both partners pooled.","Near 1.0 the speakers catch their own trouble before it reaches the listener; lower values mean listeners are doing the repair work. The literature's strong expectation is a high value (Schegloff et al. 1977), so low values flag either genuine difficulty or a noisy transcript.","turn_set, transcript","Schegloff, Jefferson & Sacks (1977) Language 53:361 -- the preference for self-correction | Dingemanse, Roberts et al. (2015) PLoS One 10:e0136100 -- universal principles in the repair of communication problems | Cooney & Wheatley (2025) Handbook of Social Psychology ch. 'Conversation' -- repair as the stoplight system of intersubjectivity"
self_repair_rate,Self-repair rate,repair,person,per 100 words,"Explicit self-corrections per 100 words -- 'I mean', 'or rather', 'no wait'. Cut-offs and restarts do not survive transcription, so this undercounts true self-repair.",Speakers monitor their own talk and prefer to fix it themselves before the listener must ask (Schegloff et al. 1977; Levelt 1983). A moderate rate signals active self-monitoring; the absence of any self-repair in spontaneous speech usually means the transcript dropped it.,"turn_set, transcript","Levelt (1983) Cognition 14:41 -- monitoring and self-repair in speech | Schegloff, Jefferson & Sacks (1977) Language 53:361"
activity_exchange_rate,Carry exchange rate,rhythm,dyad,per 5 minutes,"How many times per five minutes the role of 'the one doing most of the talking' flipped, measured as sign changes of the talk balance smoothed over fifteen seconds.",Complementary to the cycle period: counts actual handovers of the carrying role rather than assuming a single stable rhythm. Very low values with unequal talk time indicate one person held the floor throughout.,turn_set,"Dabbs (1983) -- 'megaturns': aggregated blocks of vocal activity | Warner (1979) Lang. Speech 22:381; Warner (1992) Behav. Sci. 37:128 -- periodic rhythms in conversational speech | Warner, Malloy et al. (1987) J. Nonverbal Behav. 11:57 -- rhythmic organization predicts observer-rated positivity and involvement"
vocal_cycle_period,Vocal activity cycle period,rhythm,dyad,s,"Dominant period, in seconds, of the oscillation in which partner carries the talk -- found as the spectral peak of the second-by-second talk balance within a one-to-six-minute band. Withheld for conversations under five minutes.","Dyads trade multi-minute blocks of vocal activity, typically every 2-5 minutes. The period says how long one person carries before the roles swap; whether faster cycling is better is genuinely open -- the classic literature disagreed (rapport, distress, and a U-shaped account all had backers; Crown 1991 reviews the fight).",turn_set,"Dabbs (1983) -- 'megaturns': aggregated blocks of vocal activity | Warner (1979) Lang. Speech 22:381; Warner (1992) Behav. Sci. 37:128 -- periodic rhythms in conversational speech | Warner, Malloy et al. (1987) J. Nonverbal Behav. 11:57 -- rhythmic organization predicts observer-rated positivity and involvement"
vocal_cycle_strength,Vocal activity cyclicity,rhythm,dyad,proportion,Share of the talk balance's spectral power that falls in the one-to-six-minute band. High values mean the pair genuinely alternated long blocks of carrying the conversation; low values mean the balance wandered without periodic structure.,"The strength of the megaturn rhythm, independent of its period. Warner et al. (1987) found rhythmic organization predicted observer ratings of positive affect and involvement.",turn_set,"Dabbs (1983) -- 'megaturns': aggregated blocks of vocal activity | Warner (1979) Lang. Speech 22:381; Warner (1992) Behav. Sci. 37:128 -- periodic rhythms in conversational speech | Warner, Malloy et al. (1987) J. Nonverbal Behav. 11:57 -- rhythmic organization predicts observer-rated positivity and involvement"
callback_max_lag,Longest callback reach,semantic,person,turns,The largest number of turns any single callback reached back.,,semantics,
callback_mean_lag,Mean callback reach,semantic,person,turns,"Average number of turns a callback reached back, for this person's callbacks.",How far back the person retrieved material from.,semantics,
callback_rate,Long-range callback rate,semantic,person,per minute,"Turns per minute in which this person revived a topic that had been dropped at least four turns earlier, evidenced by a distinctive shared content term absent from every intervening turn.","Reviving an earlier thread demonstrates that the speaker retained and valued it, and is one of the more direct behavioral traces of attentive listening available from transcript alone.",semantics,
callback_reciprocity,Callback reciprocity,semantic,dyad,index,"How evenly the two partners revived each other's earlier material, as 1 minus the absolute difference in their shares.",,semantics,
followup_question_rate,Follow-up question rate,semantic,person,per minute,"Questions per minute that stayed on the partner's ground: the turn is a question, it responds to the partner, and its meaning is close to the partner's preceding turn (adjacent-turn cosine of at least 0.30).","It is specifically follow-up questions -- not questions in general -- that raise liking, because they show listening, understanding and care (Huang et al. 2017; Yeomans et al. 2019). The similarity threshold separates them from topic-switching questions, which do not carry the effect.","semantics, turn_set, transcript","Huang, Yeomans, Brooks, Minson & Gino (2017) J. Pers. Soc. Psychol. 113:430 -- it doesn't hurt to ask | Yeomans, Brooks, Huang, Minson & Gino (2019) J. Pers. Soc. Psychol. 117:1139 -- the cumulative benefits of follow-up questions"
mean_topic_duration,Mean topic duration,semantic,dyad,s,Average time spent on a topic before the conversation moved on.,Long topics indicate sustained joint attention; very short ones suggest the pair struggled to develop any subject.,semantics,
median_topic_duration,Median topic length,semantic,dyad,seconds,Median duration of the detected topic segments.,"Longer topics indicate a conversation that stays with a subject; shorter ones a conversation that ranges. Median rather than mean, because one long stretch at the end would otherwise dominate.",semantics,
other_directed_callback_rate,Callbacks to the partner's material,semantic,person,per minute,"Callbacks per minute in which this person revived something their *partner* had said, rather than returning to their own earlier point.","Separated from self-directed callbacks because the two mean opposite things: one shows attention to the partner, the other shows a speaker returning to their own agenda.",semantics,
partner_semantic_similarity,Language similarity between partners,semantic,dyad,cosine similarity,Cosine similarity between the average meaning vector of each person's turns. At least five embedded turns per person required.,Dyad-level semantic similarity of conversational language tracks the felt experience of shared reality -- thinking the same thoughts at the same time (Rossignac-Milon et al. 2021) -- and develops in initial unstructured interactions (Ta et al. 2017).,"semantics, turn_set","Rossignac-Milon, Bolger, Zee, Boothby & Higgins (2021) J. Pers. Soc. Psychol. 120:882 -- merged minds: generalized shared reality | Ta, Babcock & Ickes (2017) J. Lang. Soc. Psychol. 36:143 -- latent semantic similarity in initial interactions"
semantic_coherence_mean,Response coherence,semantic,person,cosine similarity,Mean cosine similarity between the meaning of this person's turns and their partner's immediately preceding turn.,"High values mean replies stay on the subject that was just raised. Very high values are not automatically good: a reply that merely restates the partner adds nothing, so this is best read together with question rate and topic initiation.","semantics, turn_set",
semantic_coherence_variability,Coherence variability,semantic,dyad,cosine similarity,Standard deviation of the turn-to-turn semantic similarity across the whole conversation.,A conversation that stays uniformly on one subject scores low; one that alternates between deep engagement and abrupt changes scores high.,semantics,
semantic_similarity_trend,Language convergence over time,semantic,dyad,difference in cosine similarity,Partner language similarity in the final third of the conversation minus the first third. Positive values mean the two people's language grew more alike as they talked.,"Shared reality is constructed during interaction, not imported into it (Rossignac-Milon et al. 2021). Convergence over the session is the trace of that construction; divergence means the pair pulled toward separate frames.","semantics, turn_set","Rossignac-Milon, Bolger, Zee, Boothby & Higgins (2021) J. Pers. Soc. Psychol. 120:882"
topic_count,Number of topics,semantic,dyad,count,Topic segments found by measuring lexical cohesion across a sliding window of turns and cutting at deep minima.,,semantics,
topic_initiation_share,Share of topics initiated,semantic,person,proportion,Proportion of topic segments this person opened.,Who introduces new subjects. Values far from 0.5 mean one person carried the burden of steering the conversation.,semantics,
topic_turnover_rate,Topic turnover rate,semantic,dyad,per minute,Number of topic changes per minute.,,semantics,
topics_initiated,Topics introduced,semantic,person,count,Number of topic segments whose first turn belongs to this person.,"Who moved the conversation on. Boundaries come from a drop in lexical cohesion between neighboring blocks of turns, so a 'topic' here is a stretch that hangs together, not a subject a human coder would name -- and the person credited is whoever spoke first after the boundary, which is usually but not always the one who introduced it.",semantics,
ending_negotiation_duration,Landing time,structure,dyad,s,Seconds from the first pre-closing signal (in the final quarter) to the actual end of the conversation. Unavailable when no pre-closing was detected -- common in lab sessions ended by the experimenter.,How long the pair took to land once someone signaled the approach. Long negotiations can mean reluctance to go -- or repeated missed exits; read together with preclosing_count.,"turn_set, transcript","Schegloff & Sacks (1973) Semiotica 7:289 -- opening up closings | Mastroianni, Gilbert, Cooney & Wilson (2021) PNAS 118:e2011809118 -- do conversations end when people want them to?"
greeted_at_open,Greeted at the open,structure,person,binary,"Whether this person produced a greeting token ('hi', 'hey', 'hello') in the first thirty seconds. 1 or 0.","Openings set the encounter's commitment level (Schegloff 1968). In lab sessions the greeting often happens before recording starts, so absence here describes the recording, not the person's manners.","turn_set, transcript",Schegloff (1968) Am. Anthropol. 70:1075 -- sequencing in conversational openings
preclosing_count,Exit signals offered,structure,person,count,"Pre-closing moves this person made in the final quarter of the conversation -- 'anyway', 'well, it was nice talking', 'I should go'. The offers, not the acceptance.","Endings are proposed and ratified, not announced (Schegloff & Sacks 1973). Repeated offers from one person that the conversation keeps outliving are the classic footprint of an ending the other party did not take up -- the mismatch Mastroianni et al. (2021) showed is the norm.","turn_set, transcript","Schegloff & Sacks (1973) Semiotica 7:289 -- opening up closings | Mastroianni, Gilbert, Cooney & Wilson (2021) PNAS 118:e2011809118 -- do conversations end when people want them to?"
expressivity_synchrony,Facial expressivity synchrony (above chance),synchrony,dyad,correlation above chance,"Coordination of how much each partner's face is moving, above the surrogate baseline.",,face,"Boker, Xu, Rotondo & King (2002) Psychol. Methods 7:338 -- windowed cross-correlation for irregular coupled series | Moulder et al. (2018) Psychol. Methods 23:757 -- surrogate testing for interpersonal synchrony"
head_movement_synchrony,Head movement synchrony (above chance),synchrony,dyad,correlation above chance,"Coordination of the partners' head pitch movement, above the surrogate baseline.","Captures mutual nodding and shared rhythm, including the listener nodding in time with the speaker's stressed syllables.",face,"Boker, Xu, Rotondo & King (2002) Psychol. Methods 7:338 -- windowed cross-correlation for irregular coupled series | Moulder et al. (2018) Psychol. Methods 23:757 -- surrogate testing for interpersonal synchrony"
loudness_synchrony,Loudness synchrony (above chance),synchrony,dyad,correlation above chance,"Coordination of the partners' speech intensity envelopes, above the surrogate baseline.","Because the two rarely speak at once, this largely reflects turn-level accommodation rather than moment-to-moment coupling.",prosody,"Boker, Xu, Rotondo & King (2002) Psychol. Methods 7:338 -- windowed cross-correlation for irregular coupled series | Moulder et al. (2018) Psychol. Methods 23:757 -- surrogate testing for interpersonal synchrony"
movement_synchrony,Body movement synchrony (above chance),synchrony,dyad,correlation above chance,"Coordination of the partners' hand and arm movement, above the surrogate baseline.",,body,"Boker, Xu, Rotondo & King (2002) Psychol. Methods 7:338 -- windowed cross-correlation for irregular coupled series | Moulder et al. (2018) Psychol. Methods 23:757 -- surrogate testing for interpersonal synchrony"
smile_synchrony,Smile synchrony (above chance),synchrony,dyad,correlation above chance,"How much the partners' smile intensity tracks each other, over and above the level produced by shuffled surrogates of the same signals.",Positive values indicate genuine facial mimicry. Values near zero mean the partners' smiling was no more aligned than two unrelated recordings would be.,face,"Boker, Xu, Rotondo & King (2002) Psychol. Methods 7:338 -- windowed cross-correlation for irregular coupled series | Moulder et al. (2018) Psychol. Methods 23:757 -- surrogate testing for interpersonal synchrony"
smile_synchrony_lag,Smile synchrony lead-lag,synchrony,dyad,s,Median lag at which the partners' smiling aligns best. Negative means person A's expression tends to come first.,Mimicry typically appears within a second. A lag near zero suggests simultaneous response to something shared rather than one copying the other.,face,"Boker, Xu, Rotondo & King (2002) Psychol. Methods 7:338 -- windowed cross-correlation for irregular coupled series | Moulder et al. (2018) Psychol. Methods 23:757 -- surrogate testing for interpersonal synchrony"
smile_synchrony_z,Smile synchrony reliability,synchrony,dyad,z,Standard deviations by which the observed smile synchrony exceeds its surrogate distribution. Values above about 2 are unlikely by chance.,Reported alongside the effect so a reader can tell a small reliable effect from a large unreliable one.,face,"Boker, Xu, Rotondo & King (2002) Psychol. Methods 7:338 -- windowed cross-correlation for irregular coupled series | Moulder et al. (2018) Psychol. Methods 23:757 -- surrogate testing for interpersonal synchrony"
fast_response_proportion,Proportion of fast responses,turn_taking,person,proportion,"Share of this person's responses that begin within 200 ms of the partner finishing, including those that begin slightly early.",A response inside 200 ms cannot have been planned after the partner stopped -- single-word production alone takes 400-600 ms (Indefrey 2011) -- so a high share indicates the person is projecting turn ends rather than reacting to them. Fast responses are read as connection by both partners and outside observers (Templeton et al. 2022).,turn_set,"Stivers et al. (2009) PNAS 106:10587 -- universality of ~200 ms turn transitions | Heldner & Edlund (2010) J. Phonetics 38:555 -- pauses, gaps and overlaps | Templeton, Chang, Reynolds, Cone LeBeaumont & Wheatley (2022) PNAS 119:e2116915119 -- fast response times signal social connection | Indefrey (2011) Front. Psychol. 2:255 -- the time course of word production"
listening_time,Time spent listening,turn_taking,person,seconds,Seconds during which the partner held the floor and this person was not speaking.,"Silence with the partner talking, as opposed to silence with nobody talking. This is the denominator the listening behaviors -- nodding, gaze, backchannels -- should be read against.",turn_set,
long_gap_rate,Long-gap transitions,turn_taking,dyad,proportion,Proportion of floor transfers preceded by more than two seconds of shared silence.,"Direction depends on the relationship: long gaps read as awkward between strangers but not between friends, where they can accompany comfortable reflection (Templeton et al. 2023). For first-meeting dyads -- this lab's design -- higher values lean toward disfluency.",turn_set,"Templeton, Chang, Reynolds, Cone LeBeaumont & Wheatley (2023) Phil. Trans. R. Soc. B 378:20210471 -- long gaps are awkward for strangers but not friends | Koudenburg, Postmes & Gordijn (2011) J. Exp. Soc. Psychol. 47:512 -- brief silences disrupt felt belonging"
longest_silence,Longest mutual silence,turn_taking,dyad,s,Duration of the single longest stretch with neither person speaking.,"A useful marker of a conversation stalling, and more diagnostic than the mean because a single long lapse is what participants remember.",turn_set,
mean_silence_duration,Mean mutual silence duration,turn_taking,dyad,s,Average length of mutual silences longer than 500 ms.,,turn_set,
mean_turn_duration,Mean turn duration,turn_taking,person,s,Average length of this person's floor-holding turns.,,turn_set,
median_turn_duration,Median turn length,turn_taking,person,seconds,Median duration of this person's floor-holding turns.,"Median rather than mean: turn lengths are strongly skewed, and one long story would move a mean by more than the rest of the conversation combined.",turn_set,
normative_transition_proportion,Transitions in the normal band,turn_taking,dyad,proportion,Proportion of floor transfers whose offset falls within one second of zero -- the band that contains the vast majority of transitions in every language studied.,"Low values mean the conversation ran outside the timing envelope conversation normally lives in -- long silences, heavy overlap, or both. Check the gap and overlap measures to see which.",turn_set,"Stivers et al. (2009) PNAS 106:10587 -- universals and cultural variation in turn-taking | Heldner & Edlund (2010) J. Phonetics 38:555 -- pauses, gaps and overlaps in conversations"
overlap_proportion,Proportion of simultaneous speech,turn_taking,dyad,proportion,Share of the conversation in which both people were speaking at once.,"Includes both competitive interruption and collaborative overlap, which the interruption measures separate.","turn_set, overlap_evidence",
question_response_latency,Response latency after questions,turn_taking,person,s,Median floor-transfer offset of this person's responses to turns the partner ended as a question. At least five question-responses required; compare against response_latency_median to see the mobilization effect.,"Questions mobilize response (Stivers & Rossano 2010): latencies after questions run shorter than after statements, and answers delivered slowly are heard as unwilling or uncertain (Kendrick & Torreira 2015). Compare with the person's overall median latency.","turn_set, transcript",Stivers & Rossano (2010) Res. Lang. Soc. Interact. 43:3 -- mobilizing response | Kendrick & Torreira (2015) Discourse Process. 52:255
response_latency_asymmetry,Response latency asymmetry,turn_taking,dyad,s,Person A's median response latency minus person B's. Positive means A consistently takes longer to come in than B does.,Large asymmetry indicates one partner is driving the pace. Sign is fixed as A minus B so that values are comparable across sessions.,turn_set,
response_latency_iqr,Response latency variability,turn_taking,person,s,"Interquartile range of this person's floor transfer offsets. Measures how consistent their timing is, independently of how fast it is.",A narrow range means the person responds on a predictable rhythm. IQR is used rather than SD because latency distributions are strongly right-skewed and a single long pause would dominate an SD.,turn_set,"Stivers et al. (2009) PNAS 106:10587 -- universality of ~200 ms turn transitions | Heldner & Edlund (2010) J. Phonetics 38:555 -- pauses, gaps and overlaps"
response_latency_median,Median response latency,turn_taking,person,s,Median floor transfer offset for turns in which this person is the responder: the signed interval between the partner's turn ending and this person starting. Negative values mean they began before the partner finished.,"Shorter latencies indicate tighter coordination and typically accompany agreement and engagement; markedly long latencies precede dispreferred responses. Neither extreme is simply better. Faster responding predicts felt connection between strangers (Templeton et al. 2022), but long gaps lose that negative meaning between friends (Templeton et al. 2023) -- interpret against relationship.",turn_set,"Stivers et al. (2009) PNAS 106:10587 -- universality of ~200 ms turn transitions | Heldner & Edlund (2010) J. Phonetics 38:555 -- pauses, gaps and overlaps | Templeton, Chang, Reynolds, Cone LeBeaumont & Wheatley (2022) PNAS 119:e2116915119 -- fast response times signal social connection | Templeton et al. (2023) Phil. Trans. R. Soc. B 378:20210471 -- long gaps are awkward for strangers but not friends"
silence_proportion,Proportion of mutual silence,turn_taking,dyad,proportion,Share of the conversation in which neither person was speaking.,Includes both between-turn gaps and within-turn pauses. High values in a getting-acquainted conversation usually indicate difficulty sustaining the exchange.,turn_set,
silence_rate,Rate of mutual silences,turn_taking,dyad,per minute,Number of mutual silences longer than 500 ms per minute. Brief articulatory gaps are excluded.,,turn_set,
silent_time,Time spent not speaking,turn_taking,person,seconds,"Total seconds this person was not speaking, whether the partner was talking or nobody was.",The complement of speaking time. Most of it is ordinary listening rather than reticence -- in a two-person conversation each person is silent for most of it by construction.,turn_set,
speaking_time,Time spent speaking,turn_taking,person,seconds,"Total seconds this person was speaking, including their speech during overlap and their backchannels.",The raw quantity behind talk-time share. Reported alongside it because a 60/40 split means something different in a three-minute conversation than in a twenty-minute one.,turn_set,
spoke_first,Opened the conversation,turn_taking,person,indicator,"1 for the participant whose turn came first, 0 for the other.","Who began. Not a skill measure on its own -- seating, the experimenter's last words and simple chance all bear on it -- but it conditions everything that follows, since the opener sets the first topic and the other person's first turn is a response.",turn_set,
talk_time_balance,Talk time balance,turn_taking,dyad,index,"How evenly speaking time was shared, as 1 minus the absolute difference in shares. 1.0 is a perfectly even split, 0.0 means one person did all the talking.",Balance is a dyad property and is reported separately from each person's share so that it can be modeled directly.,turn_set,
talk_time_share,Share of speaking time,turn_taking,person,proportion,This person's total speaking time divided by the total speaking time of both participants. Sums to 1 across the dyad.,"0.5 is an even split; values far from it indicate one person dominated. Speaking time is the strongest single predictor of being seen as the leader (the 'babble hypothesis'; MacLaren et al. 2020; Schmid Mast 2002), but liking peaks nearer balance -- the heaviest talkers are not the best liked (Hayes & Meltzer 1972).",turn_set,"Schmid Mast (2002) Human Comm. Res. 28:420 -- dominance and speaking time, a meta-analysis | MacLaren et al. (2020) Leadership Q. 31:101409 -- the babble hypothesis | Hayes & Meltzer (1972) Sociometry 35:538 -- interpersonal judgments based on talkativeness"
turn_count,Number of turns,turn_taking,person,count,Count of floor-holding turns taken by this person.,,turn_set,
turn_duration_matching,Turn-length coupling,turn_taking,dyad,correlation,"Correlation between the length of one partner's turn and the length of the other's immediate response, across all adjacent turn pairs. Positive is matching, negative is compensation. At least ten pairs required.","Little questions get little answers: interviewees track an interviewer's utterance lengths (Matarazzo et al. 1963). But naturalistic dyads also show the opposite -- a quiet partner ceding room to a talkative one (Cappella & Planalp 1981) -- so the sign is reported, not assumed.",turn_set,"Matarazzo, Weitman, Saslow & Wiens (1963) J. Verbal Learning Verbal Behav. 1:451 -- interviewer influence on speech durations | Cappella & Planalp (1981) Human Comm. Res. 7:117 -- talk and silence sequences: mutual influence and compensation"
turn_duration_variability,Turn duration variability,turn_taking,person,ratio,Coefficient of variation of this person's turn durations: the standard deviation divided by the mean.,Low values mean uniformly sized contributions; high values mean a mix of brief replies and extended stretches.,turn_set,
turn_rate,Turn rate,turn_taking,person,per minute,Floor-holding turns taken per minute of conversation.,"High turn rates indicate rapid exchange; low rates indicate longer, monologue-like contributions.",turn_set,
turn_transition_overlap_rate,Rate of overlapping turn onsets,turn_taking,person,per minute,"Turns this person began before the partner had finished, per minute. Counts all early onsets, whether competitive or not.",,"turn_set, overlap_evidence",
within_turn_pause_rate,Within-turn pause rate,turn_taking,person,per minute,"Pauses inside this person's own turns, per minute of their speaking time. These are hesitations rather than floor transfers.","Distinguished from between-turn silence because the two have different causes: one is planning difficulty, the other coordination.",turn_set,
